{
  "BNB": 241.25318877745664,
  "BTC": 29000.392979173397,
  "ETH": 1827.6131111555976,
  "RENEC": 0.54581811,
  "REUSD": 0.98391018,
  "TRX": 0.07667496876727656,
  "VND": 4.219409282700422e-5
}
