{
  "VND": 0.000042667406123553525,
  "REUSD": 0.99889078
}
